{
  "name": "jquery-bar-rating",
  "version": "1.2.2",
  "homepage": "http://antenna.io/demo/jquery-bar-rating/examples/",
  "repository": {
    "type": "git",
    "url": "git://github.com/antennaio/jquery-bar-rating.git"
  },
  "authors": [
    "Antenna.io <antenna@antenna.io>"
  ],
  "description": "Minimal, light-weight jQuery ratings.",
  "main": "jquery.barrating.js",
  "keywords": [
    "jquery",
    "ratings",
    "rating"
  ],
  "license": "MIT",
  "dependencies": {
    "jquery": ">=1.7.2"
  },
  "ignore": [
    "**/.*",
    "node_modules",
    "bower_components",
    "test",
    "examples"
  ],
  "_release": "1.2.2",
  "_resolution": {
    "type": "version",
    "tag": "v1.2.2",
    "commit": "28ecb90762fc7db6bba30171a9f3bb698bb930f3"
  },
  "_source": "https://github.com/antennaio/jquery-bar-rating.git",
  "_target": "1.2.2",
  "_originalSource": "jquery-bar-rating",
  "_direct": true
}